BS Computer Science,BSCS,CCS
BA Psychology, BAP, CASS
BS Nursing, BSN, CON
BS Information Technology, BSIT, CCS
BA Communication, BAC, CASS
BS Mechanical Engineering, BSME, COE
BS Chemistry, BSChem, CSM
BS Civil Engineering, BSCE, COE
BA English, BAE, CASS
BS Computer Engineering, BSCpE, COE
BS Mathematics, BSMat, CSM
BS Economics, BSEcon, CEBA
BA Political Science, BAPolSci, CASS
BS Architecture, BSA, COE
BS Physics, BSPhy, CSM
BS Information Systems, BSIS, CCS
BA Sociology, BASoc, CASS
BS Electrical Engineering, BSEE, COE
BS Biology,BSBio,CSM
